<?xml version="1.0" encoding="UTF-8"?>
<keywords>
   <keywords>
      <text FeatureID="-1">Bluetooth</text>
      <target FeatureID="-1" href="BT_HLP_MAIN.html">Bluetooth</target>
      <target FeatureID="-1" href="BT_HLP_PAIRED.html">Pair with devices</target>
      <target FeatureID="-1" href="BT_HLP_BLOCKED.html">Block devices</target>
   </keywords>
   <keywords>
      <text FeatureID="-1">Bluetooth settings</text>
      <target FeatureID="-1" href="BT_HLP_MAIN.html">Bluetooth</target>
   </keywords>
   <keywords>
      <text FeatureID="-1">pairing devices</text>
      <target FeatureID="-1" href="BT_HLP_PAIRED.html">Pair with devices</target>
   </keywords>
   <keywords>
      <text FeatureID="-1">blocked devices</text>
      <target FeatureID="-1" href="BT_HLP_BLOCKED.html">Block devices</target>
   </keywords>
   <keywords>
      <text FeatureID="true_12">wireless keyboard</text>
      <target FeatureID="true_12" href="BTKEYBOARD_HLP_SETTINGS.html">Wireless keyboard</target>
   </keywords>
</keywords>